Indice,ID,Nombre Completo
1,2024001,Alejandro Martínez
2,2024002,Valentina Rodríguez
3,2024003,Sebastián Gómez
4,2024004,Camila López
5,2024005,Mateo Hernández
6,2024006,Isabella García
7,2024007,Nicolás Pérez
8,2024008,Sofía Torres
9,2024009,Daniel Sánchez
10,2024010,Mariana Díaz
11,2024011,Samuel Castro
12,2024012,Luciana Morales
13,2024013,Joaquín Herrera
14,2024014,Valeria Ortiz
15,2024015,Emiliano Silva
16,2024016,Victoria Mendoza
17,2024017,Santiago Rojas
18,2024018,Elena Vargas
19,2024019,Felipe Benítez
20,2024020,Gabriela Flores
